rank,character
1,的
2,一
3,是
4,了
5,在
6,这
7,个
8,不
9,有
10,到
11,我
12,人
13,上
14,他
15,大
16,地
17,中
18,们
19,那
20,文
21,说
22,来
23,着
24,时
25,出
26,你
27,就
28,看
29,能
30,后
31,三
32,下
33,她
34,子
35,汪
36,和
37,没
38,体
39,都
40,发
41,对
42,过
43,现
44,淼
45,很
46,么
47,可
48,也
49,成
50,但
51,面
52,天
53,叶
54,要
55,为
56,以
57,学
58,洁
59,明
60,自
61,去
62,只
63,太
64,然
65,会
66,行
67,道
68,想
69,得
70,些
71,生
72,星
73,多
74,起
75,它
76,样
77,里
78,小
79,动
80,开
81,于
82,还
83,最
84,球
85,知
86,间
87,前
88,问
89,种
90,什
91,已
92,将
93,两
94,阳
95,长
96,光
97,分
98,界
99,进
100,用
101,次
102,世
103,同
104,从
105,像
106,实
107,向
108,空
109,头
110,其
111,射
112,方
113,好
114,信
115,当
116,年
117,己
118,机
119,事
120,被
121,部
122,力
123,与
124,点
125,意
126,理
127,之
128,几
129,无
130,外
131,经
132,红
133,系
134,电
135,正
136,者
137,而
138,所
139,定
140,十
141,接
142,回
143,家
144,高
145,眼
146,声
147,计
148,心
149,作
150,数
151,感
152,科
153,真
154,如
155,听
156,走
157,相
158,物
159,又
160,史
161,度
162,运
163,量
164,身
165,名
166,变
167,息
168,把
169,话
170,儿
171,使
172,手
173,巨
174,类
175,目
176,基
177,内
178,宇
179,线
180,宙
181,工
182,算
183,果
184,远
185,吗
186,重
187,元
188,白
189,片
190,位
191,完
192,黑
193,形
194,加
195,色
196,日
197,处
198,本
199,边
200,直
201,吧
202,快
203,维
204,主
205,程
206,常
207,更
208,始
209,字
210,入
211,军
212,指
213,存
214,平
215,解
216,质
217,岸
218,速
219,才
220,结
221,反
222,统
223,卫
224,号
225,全
226,第
227,国
228,别
229,件
230,由
231,觉
232,西
233,让
234,比
235,题
236,术
237,政
238,四
239,显
240,首
241,通
242,研
243,水
244,应
245,二
246,情
247,观
248,望
249,杨
250,做
251,刚
252,再
253,切
254,收
255,法
256,究
257,纪
258,思
259,东
260,门
261,关
262,您
263,化
264,打
265,确
266,放
267,测
268,火
269,代
270,波
271,层
272,立
273,倒
274,女
275,短
276,器
277,干
278,条
279,建
280,台
281,因
282,飞
283,乎
284,转
285,表
286,任
287,至
288,给
289,命
290,员
291,神
292,达
293,半
294,强
295,活
296,颗
297,技
298,教
299,每
300,兵
301,张
302,象
303,组
304,展
305,智
306,轻
307,微
308,整
309,并
310,原
311,复
312,老
313,论
314,构
315,似
316,离
317,难
318,清
319,精
320,气
321,带
322,站
323,等
324,近
325,孩
326,监
327,深
328,产
329,落
330,另
331,战
332,背
333,山
334,何
335,令
336,呢
337,海
338,官
339,镜
340,见
341,总
342,口
343,死
344,制
345,性
346,示
347,少
348,夜
349,随
350,状
351,景
352,万
353,连
354,五
355,斯
356,寒
357,雷
358,许
359,士
360,合
361,失
362,找
363,笑
364,拿
365,告
366,步
367,游
368,细
369,受
370,静
371,设
372,乱
373,够
374,突
375,型
376,新
377,刻
378,验
379,规
380,模
381,识
382,单
383,升
384,影
385,亲
386,该
387,答
388,标
389,审
390,志
391,周
392,根
393,照
394,金
395,灭
396,车
397,王
398,渐
399,百
400,流
401,宁
402,队
403,室
404,注
405,级
406,引
407,态
408,冷
409,派
410,功
411,米
412,美
413,仍
414,此
415,啊
416,先
417,认
418,阵
419,怎
420,摆
421,围
422,造
423,恒
424,容
425,记
426,奇
427,音
428,书
429,停
430,越
431,摇
432,击
433,断
434,消
435,辐
436,请
437,图
438,距
439,义
440,期
441,路
442,戏
443,警
444,低
445,续
446,试
447,段
448,导
449,月
450,提
451,般
452,伊
453,公
454,极
455,默
456,惊
457,历
458,佛
459,超
460,终
461,坐
462,森
463,沉
464,底
465,穿
466,场
467,拍
468,师
469,初
470,降
471,风
472,率
473,仪
474,具
475,烟
476,伟
477,树
478,亮
479,安
480,丝
481,父
482,河
483,临
484,兴
485,马
486,群
487,律
488,住
489,联
490,严
491,视
492,满
493,止
494,执
495,密
496,置
497,绝
498,料
499,闪
500,缓
501,或
502,暗
503,沙
504,需
505,冲
506,座
507,千
508,简
509,轮
510,装
511,母
512,织
513,社
514,双
515,玩
516,洞
517,证
518,领
519,石
520,异
521,林
522,角
523,各
524,判
525,顶
526,早
527,木
528,传
529,调
530,仿
531,皇
532,卷
533,顿
534,备
535,杂
536,脱
537,排
538,则
539,业
540,叫
541,保
542,丁
543,却
544,写
545,紧
546,透
547,专
548,核
549,控
550,烧
551,塔
552,列
553,船
554,冬
555,吃
556,响
557,睛
558,毁
559,据
560,团
561,块
562,谁
563,脸
564,举
565,待
566,热
567,诉
568,利
569,拉
570,报
571,致
572,参
573,察
574,除
575,申
576,玉
577,包
578,城
579,即
580,皮
581,哪
582,纳
583,八
584,救
585,服
586,议
587,菲
588,六
589,桌
590,钟
591,决
592,特
593,源
594,破
595,推
596,怕
597,必
598,布
599,值
600,句
601,继
602,式
603,怪
604,触
605,管
606,肯
607,约
608,革
609,漫
610,帝
611,粒
612,未
613,准
614,灵
615,预
616,胶
617,哲
618, 
619,旁
620,坦
621,材
622,竟
623,潘
624,取
625,油
626,环
627,秦
628,房
629,迹
630,甚
631,集
632,投
633,冰
634,梦
635,频
636,送
637,移
638,呼
639,言
640,普
641,校
642,讲
643,恐
644,求
645,绍
646,划
647,曾
648,磁
649,诺
650,衣
651,责
652,希
653,委
654,略
655,留
656,际
657,尽
658,画
659,且
660,往
661,今
662,幻
663,灯
664,索
665,抽
666,持
667,候
668,睡
669,错
670,板
671,挥
672,杀
673,础
674,市
675,扰
676,爆
677,况
678,峰
679,熟
680,吸
681,否
682,项
683,端
684,弹
685,血
686,案
687,批
688,粗
689,限
690,资
691,某
692,境
693,烈
694,跟
695,枪
696,翻
697,柱
698,散
699,掉
700,支
701,架
702,晨
703,雪
704,软
705,旗
706,仅
707,爱
708,谈
709,属
710,缩
711,斗
712,隐
713,急
714,云
715,牛
716,味
717,修
718,搞
719,充
720,努
721,治
722,虽
723,钢
724,楼
725,码
726,纸
727,激
728,考
729,启
730,撞
731,抬
732,易
733,秒
734,区
735,固
736,按
737,班
738,录
739,院
740,网
741,航
742,拯
743,授
744,交
745,露
746,炸
747,操
748,差
749,铁
750,罪
751,印
752,男
753,宏
754,积
755,追
756,冯
757,谢
758,沿
759,叛
760,争
761,封
762,洋
763,改
764,银
765,舰
766,曼
767,花
768,查
769,便
770,适
771,楚
772,办
773,非
774,剩
775,故
776,狂
777,格
778,永
779,喊
780,束
781,北
782,负
783,午
784,厚
785,温
786,妻
787,曲
788,弱
789,虫
790,窗
791,盖
792,探
793,武
794,丽
795,聚
796,份
797,浮
798,戴
799,语
800,及
801,跑
802,敌
803,华
804,燃
805,脑
806,堆
807,晚
808,醒
809,古
810,幸
811,岁
812,齐
813,泡
814,沐
815,泰
816,鲲
817,弩
818,稳
819,副
820,久
821,哦
822,述
823,借
824,阶
825,幕
826,足
827,介
828,趣
829,恶
830,荒
831,创
832,魏
833,秘
834,剑
835,霖
836,德
837,仰
838,效
839,克
840,径
841,增
842,悬
843,较
844,巴
845,草
846,节
847,凌
848,寂
849,译
850,殿
851,厅
852,麻
853,害
854,压
855,松
856,检
857,朝
858,纷
859,附
860,居
861,寻
862,右
863,迷
864,莫
865,扔
866,掌
867,糊
868,读
869,屏
870,民
871,绕
872,青
873,误
874,斑
875,占
876,筑
877,脚
878,幽
879,课
880,荡
881,兆
882,飘
883,慢
884,瑞
885,释
886,盯
887,欧
888,握
889,护
890,序
891,彻
892,避
893,局
894,幅
895,野
896,跳
897,亿
898,遇
899,湖
900,尔
901,笔
902,浸
903,疯
904,壳
905,客
906,欢
907,换
908,招
909,震
910,递
911,址
912,陷
913,轨
914,须
915,唯
916,裂
917,混
918,肉
919,暴
920,愿
921,帮
922,凉
923,隔
924,琳
925,选
926,墙
927,鬼
928,钱
929,帅
930,假
931,黄
932,含
933,悉
934,摄
935,烁
936,奋
937,剧
938,墨
939,纣
940,套
941,宽
942,范
943,左
944,遗
945,危
946,淡
947,轰
948,饭
949,务
950,抱
951,权
952,盘
953,阴
954,慧
955,威
956,绿
957,减
958,琴
959,括
960,靠
961,描
962,洲
963,灾
964,惧
965,毕
966,挂
967,扯
968,忙
969,箱
970,暖
971,雨
972,司
973,嘛
974,坏
975,映
976,鸟
977,九
978,赫
979,圆
980,念
981,均
982,浪
983,域
984,土
985,称
986,尺
987,伸
988,堂
989,浓
990,余
991,休
992,医
993,叠
994,锯
995,讨
996,春
997,困
998,昏
999,登
1000,迅
1001,壮
1002,广
1003,蒙
1004,逝
1005,汗
1006,枝
1007,夫
1008,烂
1009,著
1010,英
1011,旋
1012,鸣
1013,尘
1014,哈
1015,涌
1016,伤
1017,障
1018,承
1019,例
1020,顾
1021,犯
1022,势
1023,讯
1024,供
1025,呈
1026,灰
1027,酷
1028,虑
1029,艘
1030,载
1031,股
1032,敏
1033,袋
1034,亡
1035,凭
1036,食
1037,嘴
1038,职
1039,退
1040,疑
1041,贮
1042,顺
1043,签
1044,焦
1045,拟
1046,彩
1047,闭
1048,概
1049,助
1050,农
1051,缘
1052,恢
1053,弃
1054,伏
1055,输
1056,互
1057,遥
1058,杯
1059,缺
1060,险
1061,费
1062,圈
1063,怀
1064,舞
1065,七
1066,拖
1067,友
1068,阻
1069,敬
1070,众
1071,残
1072,截
1073,柔
1074,苦
1075,途
1076,阔
1077,尖
1078,薄
1079,喝
1080,编
1081,扩
1082,床
1083,庞
1084,岭
1085,练
1086,键
1087,共
1088,品
1089,暂
1090,忘
1091,独
1092,凝
1093,采
1094,典
1095,免
1096,绳
1097,毫
1098,陆
1099,屋
1100,砍
1101,鱼
1102,硬
1103,漏
1104,邪
1105,尊
1106,苏
1107,虚
1108,蓝
1109,村
1110,躯
1111,晕
1112,帽
1113,焰
1114,遍
1115,零
1116,拥
1117,芒
1118,叹
1119,哥
1120,陛
1121,酒
1122,躺
1123,瞬
1124,掏
1125,臂
1126,脏
1127,魔
1128,灿
1129,宗
1130,防
1131,扭
1132,抛
1133,丈
1134,坚
1135,献
1136,仔
1137,礼
1138,冻
1139,废
1140,博
1141,洗
1142,阅
1143,稍
1144,富
1145,串
1146,孤
1147,滚
1148,倍
1149,符
1150,铜
1151,碎
1152,锤
1153,徐
1154,绪
1155,择
1156,惑
1157,析
1158,偏
1159,抓
1160,晶
1161,甲
1162,奶
1163,覆
1164,崖
1165,延
1166,央
1167,卡
1168,敢
1169,攻
1170,锁
1171,痛
1172,词
1173,镇
1174,忆
1175,演
1176,乐
1177,黎
1178,旧
1179,碑
1180,茄
1181,匀
1182,淹
1183,胸
1184,耳
1185,妈
1186,藏
1187,昨
1188,累
1189,熄
1190,孔
1191,眠
1192,末
1193,晰
1194,液
1195,墅
1196,习
1197,守
1198,瘦
1199,归
1200,耀
1201,劳
1202,伐
1203,滤
1204,融
1205,屯
1206,府
1207,搜
1208,赶
1209,喜
1210,搬
1211,钻
1212,壁
1213,贵
1214,聪
1215,丢
1216,刺
1217,插
1218,素
1219,迎
1220,药
1221,扎
1222,猜
1223,泥
1224,厉
1225,汽
1226,割
1227,呆
1228,依
1229,苍
1230,逐
1231,纯
1232,滑
1233,莱
1234,诡
1235,弯
1236,颤
1237,挣
1238,馆
1239,担
1240,骗
1241,倾
1242,育
1243,征
1244,章
1245,曙
1246,罩
1247,岩
1248,庄
1249,坠
1250,懒
1251,徒
1252,妹
1253,闻
1254,烦
1255,良
1256,托
1257,夹
1258,禁
1259,既
1260,若
1261,赞
1262,扬
1263,刑
1264,配
1265,侵
1266,埋
1267,舒
1268,吐
1269,怒
1270,惨
1271,驶
1272,毛
1273,珍
1274,仓
1275,骑
1276,厦
1277,迫
1278,窄
1279,棵
1280,匆
1281,扫
1282,宣
1283,撕
1284,逃
1285,败
1286,哨
1287,善
1288,猎
1289,伽
1290,腾
1291,冒
1292,欲
1293,脆
1294,南
1295,奔
1296,鼎
1297,炭
1298,亚
1299,稿
1300,尼
1301,买
1302,庭
1303,厘
1304,咱
1305,爬
1306,厌
1307,浑
1308,胡
1309,雾
1310,偷
1311,刀
1312,脉
1313,病
1314,纤
1315,施
1316,旷
1317,穹
1318,晴
1319,违
1320,偶
1321,园
1322,靶
1323,怖
1324,抖
1325,噩
1326,汇
1327,宫
1328,页
1329,漠
1330,悟
1331,唱
1332,膨
1333,胀
1334,策
1335,纲
1336,桩
1337,炉
1338,弥
1339,醉
1340,拾
1341,阿
1342,摸
1343,晃
1344,捕
1345,恨
1346,貌
1347,赛
1348,凑
1349,辆
1350,龙
1351,潜
1352,桦
1353,诞
1354,替
1355,享
1356,缝
1357,曦
1358,狭
1359,扣
1360,乏
1361,拆
1362,跃
1363,伴
1364,盔
1365,耗
1366,艰
1367,睁
1368,膜
1369,翼
1370,揭
1371,潮
1372,穷
1373,麦
1374,蔽
1375,裹
1376,歌
1377,狱
1378,唉
1379,福
1380,库
1381,漂
1382,哭
1383,孙
1384,臣
1385,岗
1386,尾
1387,圣
1388,崩
1389,溃
1390,颜
1391,坡
1392,抄
1393,阮
1394,夕
1395,笨
1396,抚
1397,旦
1398,扑
1399,骨
1400,遮
1401,染
1402,挺
1403,横
1404,盒
1405,皱
1406,罗
1407,惜
1408,懂
1409,械
1410,剂
1411,吓
1412,陪
1413,辈
1414,篇
1415,香
1416,茫
1417,竖
1418,豆
1419,田
1420,养
1421,健
1422,刃
1423,针
1424,拒
1425,噪
1426,忍
1427,优
1428,获
1429,旅
1430,丰
1431,妙
1432,损
1433,笼
1434,埃
1435,袍
1436,躲
1437,蒸
1438,炮
1439,缕
1440,亭
1441,汉
1442,凤
1443,夺
1444,撒
1445,滔
1446,振
1447,祖
1448,纠
1449,补
1450,沧
1451,艺
1452,吨
1453,拨
1454,跨
1455,腰
1456,涉
1457,俩
1458,折
1459,价
1460,劣
1461,吹
1462,狗
1463,谷
1464,繁
1465,踪
1466,返
1467,恩
1468,祈
1469,湿
1470,泪
1471,灼
1472,摧
1473,陌
1474,访
1475,予
1476,浆
1477,蹲
1478,菜
1479,桥
1480,炬
1481,泊
1482,嗡
1483,僻
1484,诚
1485,植
1486,闲
1487,裁
1488,污
1489,伪
1490,蝗
1491,帜
1492,侦
1493,朕
1494,训
1495,瓶
1496,拜
1497,御
1498,黯
1499,扇
1500,柄
1501,砸
1502,捧
1503,伙
1504,瞄
1505,挤
1506,姓
1507,嫌
1508,企
1509,扳
1510,骤
1511,姿
1512,劲
1513,付
1514,促
1515,逼
1516,疲
1517,惫
1518,塞
1519,娘
1520,赏
1521,桑
1522,忽
1523,鸡
1524,蛇
1525,详
1526,稀
1527,益
1528,寄
1529,宿
1530,堪
1531,抑
1532,遭
1533,眩
1534,剪
1535,犹
1536,豫
1537,慈
1538,郑
1539,拔
1540,衷
1541,氢
1542,浩
1543,眸
1544,销
1545,柴
1546,篝
1547,铺
1548,陶
1549,荣
1550,蹈
1551,睹
1552,惩
1553,罚
1554,莹
1555,纹
1556,赌
1557,悔
1558,袖
1559,崇
1560,锥
1561,鲜
1562,熊
1563,京
1564,庙
1565,渴
1566,毒
1567,匹
1568,雯
1569,楠
1570,瓦
1571,劝
1572,摩
1573,缠
1574,掩
1575,兮
1576,弦
1577,俗
1578,渊
1579,梯
1580,贴
1581,悠
1582,闹
1583,抗
1584,删
1585,江
1586,仇
1587,蚀
1588,抢
1589,喷
1590,愤
1591,牌
1592,鲁
1593,傻
1594,呵
1595,童
1596,症
1597,欣
1598,抹
1599,枯
1600,溜
1601,循
1602,籍
1603,卧
1604,唐
1605,贡
1606,椅
1607,衡
1608,爸
1609,措
1610,慰
1611,乡
1612,财
1613,痕
1614,乌
1615,聊
1616,躁
1617,惯
1618,舱
1619,弄
1620,磨
1621,愈
1622,凄
1623,井
1624,烛
1625,携
1626,绵
1627,殊
1628,谨
1629,览
1630,侧
1631,阈
1632,玄
1633,呀
1634,朗
1635,屑
1636,昌
1637,啪
1638,炽
1639,驱
1640,滴
1641,搭
1642,捷
1643,慎
1644,幢
1645,娃
1646,冥
1647,鞋
1648,谋
1649,账
1650,贫
1651,辑
1652,悲
1653,憎
1654,恼
1655,吞
1656,涵
1657,佑
1658,胁
1659,欺
1660,菌
1661,乘
1662,顽
1663,奥
1664,框
1665,胜
1666,擦
1667,屁
1668,垄
1669,闸
1670,粼
1671,寺
1672,陈
1673,哀
1674,痴
1675,拙
1676,杆
1677,兰
1678,浅
1679,辞
1680,敞
1681,闷
1682,脖
1683,娇
1684,塑
1685,蔑
1686,筒
1687,捉
1688,挡
1689,弟
1690,牵
1691,姆
1692,腐
1693,吊
1694,估
1695,牺
1696,牲
1697,肚
1698,趟
1699,擅
1700,络
1701,吉
1702,啦
1703,耍
1704,焉
1705,狠
1706,颈
1707,魂
1708,邮
1709,渠
1710,愣
1711,蠢
1712,奢
1713,隙
1714,协
1715,商
1716,卓
1717,族
1718,允
1719,栗
1720,咔
1721,嚓
1722,敲
1723,迟
1724,档
1725,摘
1726,胞
1727,勤
1728,催
1729,席
1730,耻
1731,肤
1732,奉
1733,撼
1734,羊
1735,畏
1736,谱
1737,紫
1738,刊
1739,姑
1740,沸
1741,册
1742,披
1743,兽
1744,姬
1745,昼
1746,蜡
1747,胳
1748,膊
1749,抵
1750,隧
1751,嘟
1752,漆
1753,朦
1754,胧
1755,肢
1756,迈
1757,填
1758,锅
1759,坑
1760,厂
1761,耐
1762,捂
1763,贯
1764,卑
1765,矛
1766,幼
1767,唤
1768,竭
1769,召
1770,燕
1771,滩
1772,尚
1773,戒
1774,稚
1775,祥
1776,牙
1777,谓
1778,肩
1779,颅
1780,撑
1781,掠
1782,奖
1783,兹
1784,踱
1785,洛
1786,缆
1787,昂
1788,湘
1789,慌
1790,怜
1791,锋
1792,咧
1793,抡
1794,簧
1795,秤
1796,艳
1797,趁
1798,赢
1799,垂
1800,忠
1801,溪
1802,嗓
1803,私
1804,啥
1805,邀
1806,哼
1807,伍
1808,歪
1809,街
1810,蛮
1811,峻
1812,墟
1813,朵
1814,宜
1815,碍
1816,媒
1817,澈
1818,刹
1819,秀
1820,旨
1821,朋
1822,罕
1823,侈
1824,驳
1825,绞
1826,洒
1827,祷
1828,卸
1829,租
1830,豪
1831,削
1832,咋
1833,帘
1834,蚊
1835,李
1836,砌
1837,屈
1838,旺
1839,桃
1840,秃
1841,羽
1842,聆
1843,寥
1844,渡
1845,烫
1846,隆
1847,涛
1848,诗
1849,憾
1850,夏
1851,逊
1852,舌
1853,省
1854,馒
1855,褐
1856,颠
1857,弧
1858,噼
1859,赤
1860,罐
1861,咕
1862,硕
1863,巫
1864,奏
1865,鞠
1866,躬
1867,鼠
1868,跪
1869,粉
1870,氮
1871,盏
1872,沫
1873,扶
1874,啸
1875,甩
1876,彼
1877,逆
1878,洪
1879,腹
1880,棉
1881,霜
1882,烤
1883,妇
1884,卖
1885,涂
1886,雕
1887,店
1888,悄
1889,届
1890,恰
1891,忏
1892,蓬
1893,尸
1894,墓
1895,巡
1896,倦
1897,巧
1898,蔓
1899,遏
1900,逻
1901,拂
1902,绘
1903,辨
1904,盲
1905,衰
1906,喻
1907,济
1908,泛
1909,泄
1910,斧
1911,县
1912,沟
1913,竞
1914,综
1915,撤
1916,蒂
1917,嗯
1918,霞
1919,篮
1920,辉
1921,誉
1922,膛
1923,谎
1924,眨
1925,蚁
1926,毯
1927,沌
1928,勒
1929,袅
1930,淌
1931,盗
1932,胆
1933,珠
1934,芬
1935,崭
1936,喘
1937,祝
1938,丫
1939,忌
1940,讳
1941,苗
1942,枚
1943,喧
1944,拦
1945,瞎
1946,捣
1947,绷
1948,孕
1949,柜
1950,燥
1951,吵
1952,邻
1953,摞
1954,挨
1955,歧
1956,缸
1957,吱
1958,茶
1959,坪
1960,熏
1961,垃
1962,圾
1963,棚
1964,辟
1965,诸
1966,咚
1967,蝇
1968,遣
1969,哇
1970,履
1971,愚
1972,嘿
1973,涡
1974,喂
1975,脊
1976,厨
1977,猛
1978,耸
1979,邦
1980,咬
1981,绒
1982,窒
1983,仁
1984,康
1985,疗
1986,恍
1987,偿
1988,碌
1989,辛
1990,艇
1991,婚
1992,港
1993,昧
1994,浴
1995,钮
1996,眉
1997,岛
1998,陋
1999,刘
2000,斩
2001,蛛
2002,斜
2003,秋
2004,啃
2005,磅
2006,礴
2007,雅
2008,浏
2009,钥
2010,匙
2011,询
2012,勉
2013,丧
2014,拎
2015,蘑
2016,菇
2017,羲
2018,腿
2019,汤
2020,煮
2021,遵
2022,润
2023,裸
2024,池
2025,氧
2026,傍
2027,暮
2028,痒
2029,曳
2030,爽
2031,婴
2032,辅
2033,户
2034,媳
2035,粱
2036,乳
2037,婆
2038,骂
2039,朴
2040,郁
2041,炕
2042,姐
2043,款
2044,凶
2045,冈
2046,狼
2047,净
2048,盾
2049,翔
2050,焚
2051,粮
2052,渺
2053,泼
2054,辩
2055,袭
2056,饶
2057,荷
2058,赋
2059,锢
2060,咖
2061,啡
2062,濒
2063,锹
2064,诵
2065,僧
2066,芽
2067,督
2068,柳
2069,渗
2070,歇
2071,驻
2072,亏
2073,膏
2074,桶
2075,齿
2076,藤
2077,播
2078,锐
2079,伦
2080,拳
2081,蠕
2082,傲
2083,梭
2084,烬
2085,盈
2086,嘶
2087,额
2088,戈
2089,踹
2090,塌
2091,洼
2092,棋
2093,噬
2094,纵
2095,叨
2096,栋
2097,龄
2098,杰
2099,谣
2100,潭
2101,绩
2102,腥
2103,汹
2104,骸
2105,矢
2106,蚂
2107,汰
2108,冠
2109,嗤
2110,辰
2111,婉
2112,碰
2113,迄
2114,灌
2115,勾
2116,搁
2117,骚
2118,狙
2119,媚
2120,鉴
2121,尉
2122,挖
2123,闯
2124,劫
2125,郊
2126,拼
2127,谅
2128,呓
2129,糙
2130,皙
2131,酸
2132,萦
2133,哑
2134,颖
2135,寸
2136,耽
2137,狞
2138,脾
2139,卜
2140,湍
2141,侯
2142,🌂
2143,董
2144,漉
2145,柯
2146,摊
2147,忧
2148,疏
2149,敦
2150,瞥
2151,疾
2152,驰
2153,癌
2154,肺
2155,赖
2156,鹅
2157,揉
2158,瑶
2159,舟
2160,惚
2161,砖
2162,宝
2163,铃
2164,挑
2165,购
2166,昔
2167,霸
2168,俱
2169,佳
2170,剔
2171,萨
2172,肠
2173,矩
2174,魅
2175,叙
2176,阱
2177,耿
2178,氦
2179,冕
2180,诣
2181,谜
2182,吻
2183,斟
2184,酌
2185,粘
2186,尤
2187,绚
2188,啼
2189,雇
2190,栏
2191,娱
2192,咝
2193,觑
2194,怡
2195,矮
2196,箭
2197,沮
2198,熔
2199,乒
2200,乓
2201,瞪
2202,炯
2203,卦
2204,徘
2205,徊
2206,宴
2207,紊
2208,嗅
2209,跌
2210,腔
2211,碳
2212,咽
2213,舷
2214,挽
2215,货
2216,凿
2217,赎
2218,蜂
2219,瘙
2220,冗
2221,凡
2222,袄
2223,慨
2224,鞭
2225,盆
2226,猪
2227,疼
2228,睑
2229,嫁
2230,渣
2231,涨
2232,彬
2233,寡
2234,膝
2235,镶
2236,踏
2237,窥
2238,衫
2239,粪
2240,捞
2241,霏
2242,蔚
2243,诱
2244,饿
2245,储
2246,睽
2247,翅
2248,栩
2249,嘲
2250,讽
2251,褶
2252,牢
2253,氛
2254,堕
2255,瘠
2256,坯
2257,歉
2258,迁
2259,丛
2260,翁
2261,黏
2262,稠
2263,垩
2264,帆
2265,昆
2266,奴
2267,隶
2268,粹
2269,季
2270,耕
2271,署
2272,绽
2273,辽
2274,垦
2275,伯
2276,呗
2277,滥
2278,尿
2279,枕
2280,碗
2281,窝
2282,诬
2283,版
2284,朽
2285,患
2286,棘
2287,褥
2288,咯
2289,锈
2290,募
2291,尝
2292,谐
2293,煌
2294,兄
2295,培
2296,嫩
2297,撮
2298,喇
2299,叭
2300,舍
2301,吴
2302,肃
2303,竹
2304,挟
2305,窃
2306,曹
2307,垮
2308,剖
2309,鼓
2310,勇
2311,哒
2312,扛
2313,胃
2314,瓮
2315,趴
2316,呐
2317,骷
2318,髅
2319,吟
2320,蛋
2321,堵
2322,寞
2323,捐
2324,冤
2325,婷
2326,趋
2327,翩
2328,翘
2329,庸
2330,丑
2331,俄
2332,墩
2333,辜
2334,衬
2335,舶
2336,衍
2337,僵
2338,玻
2339,璃
2340,悻
2341,啷
2342,呸
2343,迢
2344,川
2345,廊
2346,凯
2347,赴
2348,涟
2349,漪
2350,吁
2351,泣
2352,汐
2353,轧
2354,淘
2355,铅
2356,匠
2357,佩
2358,腊
2359,铠
2360,咪
2361,👓
2362,奈
2363,夸
2364,撂
2365,庆
2366,霍
2367,雀
2368,赚
2369,榔
2370,悦
2371,腋
2372,嗔
2373,哗
2374,拇
2375,惕
2376,毙
2377,沾
2378,党
2379,恻
2380,螺
2381,栓
2382,拧
2383,脯
2384,摔
2385,扁
2386,🐔
2387,帐
2388,篷
2389,熬
2390,愉
2391,侃
2392,酪
2393,刮
2394,鳞
2395,犀
2396,遛
2397,捡
2398,葡
2399,萄
2400,霹
2401,雳
2402,娟
2403,裔
2404,菱
2405,斥
2406,岂
2407,涸
2408,秩
2409,巍
2410,峨
2411,橱
2412,诧
2413,碟
2414,钓
2415,畸
2416,兑
2417,驾
2418,驴
2419,肝
2420,浊
2421,碘
2422,蝌
2423,蚪
2424,垒
2425,霆
2426,吼
2427,饰
2428,剥
2429,蜻
2430,姻
2431,娶
2432,👑
2433,睦
2434,瞌
2435,欠
2436,羔
2437,菩
2438,皆
2439,纱
2440,订
2441,琐
2442,棱
2443,溢
2444,岔
2445,瞠
2446,盼
2447,葵
2448,吩
2449,咐
2450,咸
2451,虻
2452,蕞
2453,肮
2454,涓
2455,晷
2456,哆
2457,嗉
2458,饱
2459,镰
2460,泞
2461,挪
2462,淋
2463,漓
2464,晖
2465,骼
2466,稼
2467,跋
2468,柬
2469,夭
2470,乖
2471,戾
2472,盹
2473,畔
2474,溏
2475,噢
2476,嵌
2477,喉
2478,咙
2479,唾
2480,涯
2481,擎
2482,妥
2483,🐕
2484,钉
2485,壕
2486,皲
2487,荐
2488,碴
2489,瓷
2490,馅
2491,饺
2492,胎
2493,炙
2494,橇
2495,妮
2496,哺
2497,闺
2498,羡
2499,慕
2500,肌
2501,俏
2502,兔
2503,兜
2504,缀
2505,舔
2506,郭
2507,阂
2508,撩
2509,旭
2510,飒
2511,衅
2512,仟
2513,榴
2514,陕
2515,壤
2516,汛
2517,枫
2518,🍎
2519,翠
2520,煦
2521,寿
2522,阙
2523,邸
2524,甄
2525,坟
2526,說
2527,狩
2528,泽
2529,坞
2530,镊
2531,磐
2532,砚
2533,缤
2534,愁
2535,渲
2536,肴
2537,窟
2538,汲
2539,拢
2540,绣
2541,窑
2542,俺
2543,碧
2544,晒
2545,锄
2546,锨
2547,酉
2548,炊
2549,徙
2550,巢
2551,甸
2552,猫
2553,匣
2554,礁
2555,沥
2556,涤
2557,瘫
2558,勘
2559,簸
2560,蝴
2561,蝶
2562,刁
2563,蚜
2564,蚕
2565,颁
2566,肥
2567,裕
2568,营
2569,萌
2570,嘹
2571,牧
2572,犁
2573,樟
2574,杉
2575,柞
2576,榆
2577,栎
2578,瞟
2579,殖
2580,晌
2581,擀
2582,杖
2583,棒
2584,蕾
2585,瘴
2586,陡
2587,峭
2588,狍
2589,裤
2590,潦
2591,庶
2592,蕴
2593,誊
2594,弛
2595,渥
2596,辣
2597,煤
2598,囔
2599,盟
2600,贸
2601,疙
2602,瘩
2603,哄
2604,勿
2605,褪
2606,盥
2607,咣
2608,攥
2609,髓
2610,搀
2611,霾
2612,湛
2613,眺
2614,铭
2615,谙
2616,绎
2617,戎
2618,燎
2619,悸
2620,匿
2621,咫
2622,熵
2623,搂
2624,贼
2625,弓
2626,拽
2627,眯
2628,秆
2629,埂
2630,瓢
2631,卵
2632,宾
2633,揪
2634,啾
2635,眷
2636,恋
2637,掀
2638,炫
2639,栅
2640,捍
2641,晗
2642,葛
2643,傅
2644,赵
2645,恫
2646,涕
2647,筋
2648,焊
2649,叉
2650,押
2651,韦
2652,诲
2653,砰
2654,淤
2655,函
2656,坍
2657,猖
2658,践
2659,勃
2660,痹
2661,羞
2662,蜿
2663,蜒
2664,癫
2665,溶
2666,藉
2667,湾
2668,妆
2669,丘
2670,斤
2671,贝
2672,蒜
2673,靓
2674,奸
2675,臭
2676,呛
2677,啰
2678,攀
2679,逸
2680,侥
2681,颚
2682,懊
2683,萤
2684,炼
2685,荧
2686,寐
2687,诏
2688,穴
2689,瞳
2690,掘
2691,纂
2692,拱
2693,橘
2694,绢
2695,昕
2696,祸
2697,肾
2698,恕
2699,篡
2700,鄢
2701,椎
2702,搐
2703,堤
2704,鲸
2705,亩
2706,兼
2707,颇
2708,羟
2709,氏
2710,评
2711,盛
2712,鹤
2713,邃
2714,袒
2715,苟
2716,皈
2717,湮
2718,芯
2719,屎
2720,吝
2721,啬
2722,拣
2723,鄙
2724,夷
2725,坝
2726,厢
2727,钩
2728,札
2729,怯
2730,揣
2731,垫
2732,弗
2733,拓
2734,铰
2735,筝
2736,梵
2737,逛
2738,尴
2739,尬
2740,敷
2741,唠
2742,轴
2743,绊
2744,斓
2745,蔼
2746,泉
2747,魁
2748,梧
2749,霉
2750,葬
2751,揽
2752,拐
2753,啐
2754,茨
2755,戟
2756,嬴
2757,疆
2758,饮
2759,呕
2760,餐
2761,仆
2762,淫
2763,楔
2764,睬
2765,瓜
2766,俑
2767,浦
2768,骄
2769,栈
2770,儒
2771,匕
2772,拄
2773,卒
2774,鞘
2775,扼
2776,贱
2777,亘
2778,爵
2779,咦
2780,蹄
2781,泳
2782,毅
2783,缚
2784,蹬
2785,迸
2786,奠
2787,韵
2788,慑
2789,犄
2790,逾
2791,鸿
2792,镀
2793,链
2794,咒
2795,魄
2796,藕
2797,陨
2798,蹒
2799,跚
2800,乞
2801,丐
2802,滞
2803,津
2804,矗
2805,骇
2806,聋
2807,杳
2808,宵
2809,啤
2810,稻
2811,彭
2812,惺
2813,忪
2814,霓
2815,虹
2816,呜
2817,鼻
2818,糟
2819,虎
2820,郎
2821,遁
2822,诠
2823,熙
2824,攘
2825,怨
2826,窜
2827,虔
2828,槛
2829,衔
2830,蹭
2831,瞒
2832,笛
2833,吋
2834,黝
2835,廓
2836,鬈
2837,臆
2838,讥
2839,撰
2840,殷
2841,橄
2842,榄
2843,冶
2844,绑
2845,锵
2846,栽
2847,膀
2848,颂
2849,椭
2850,缰
2851,鸭
2852,蔬
2853,窘
2854,玫
2855,瑰
2856,棕
2857,凳
2858,惶
2859,雄
